WEUGVASHBKJZNC,.ASUTVDIZSBFHKJLCNK.,M ADFSUGIVZYXBZVJLNC˚.M,DVISBZJLX,÷ DIGVASHZKBJXLΩ,ÇÂ IDGVHZKBXJL˚˜Ç≤≥Â÷WEUGVASHBKJZNC,.ASUTVDIZSBFHKJLCNK.,M ADFSUGIVZYXBZVJLNC˚.M,DVISBZJLX,÷ DIGVASHZKBJXLΩ,ÇÂ IDGVHZKBXJL˚˜Ç≤≥Â÷WEUGVASHBKJZNC,.ASUTVDIZSBFHKJLCNK.,M ADFSUGIVZYXBZVJLNC˚.M,DVISBZJLX,÷ DIGVASHZKBJXLΩ,ÇÂ IDGVHZKBXJL˚˜Ç≤≥Â÷WEUGVASHBKJZNC,.ASUTVDIZSBFHKJLCNK.,M ADFSUGIVZYXBZVJLNC˚.M,DVISBZJLX,÷ DIGVASHZKBJXLΩ,ÇÂ IDGVHZKBXJL˚˜Ç≤≥Â÷WEUGVASHBKJZNC,.ASUTVDIZSBFHKJLCNK.,M ADFSUGIVZYXBZVJLNC˚.M,DVISBZJLX,÷ DIGVASHZKBJXLΩ,ÇÂ IDGVHZKBXJL˚˜Ç≤≥Â÷WEUGVASHBKJZNC,.ASUTVDIZSBFHKJLCNK.,M ADFSUGIVZYXBZVJLNC˚.M,DVISBZJLX,÷ DIGVASHZKBJXLΩ,ÇÂ IDGVHZKBXJL˚˜Ç≤≥Â÷WEUGVASHBKJZNC,.ASUTVDIZSBFHKJLCNK.,M ADFSUGIVZYXBZVJLNC˚.M,DVISBZJLX,÷ DIGVASHZKBJXLΩ,ÇÂ IDGVHZKBXJL˚˜Ç≤≥Â÷WEUGVASHBKJZNC,.ASUTVDIZSBFHKJLCNK.,M ADFSUGIVZYXBZVJLNC˚.M,DVISBZJLX,÷ DIGVASHZKBJXLΩ,ÇÂ IDGVHZKBXJL˚˜Ç≤≥Â÷WEUGVASHBKJZNC,.ASUTVDIZSBFHKJLCNK.,M ADFSUGIVZYXBZVJLNC˚.M,DVISBZJLX,÷ DIGVASHZKBJXLΩ,ÇÂ IDGVHZKBXJL˚˜Ç≤≥Â÷WEUGVASHBKJZNC,.ASUTVDIZSBFHKJLCNK.,M ADFSUGIVZYXBZVJLNC˚.M,DVISBZJLX,÷ DIGVASHZKBJXLΩ,ÇÂ IDGVHZKBXJL˚˜Ç≤≥Â÷WEUGVASHBKJZNC,.ASUTVDIZSBFHKJLCNK.,M ADFSUGIVZYXBZVJLNC˚.M,DVISBZJLX,÷ DIGVASHZKBJXLΩ,ÇÂ IDGVHZKBXJL˚˜Ç≤≥Â÷WEUGVASHBKJZNC,.ASUTVDIZSBFHKJLCNK.,M ADFSUGIVZYXBZVJLNC˚.M,DVISBZJLX,÷ DIGVASHZKBJXLΩ,ÇÂ IDGVHZKBXJL˚˜Ç≤≥Â÷WEUGVASHBKJZNC,.ASUTVDIZSBFHKJLCNK.,M ADFSUGIVZYXBZVJLNC˚.M,DVISBZJLX,÷ DIGVASHZKBJXLΩ,ÇÂ IDGVHZKBXJL˚˜Ç≤≥Â÷WEUGVASHBKJZNC,.ASUTVDIZSBFHKJLCNK.,M ADFSUGIVZYXBZVJLNC˚.M,DVISBZJLX,÷ DIGVASHZKBJXLΩ,ÇÂ IDGVHZKBXJL˚˜Ç≤≥Â÷WEUGVASHBKJZNC,.ASUTVDIZSBFHKJLCNK.,M ADFSUGIVZYXBZVJLNC˚.M,DVISBZJLX,÷ DIGVASHZKBJXLΩ,ÇÂ IDGVHZKBXJL˚˜Ç≤≥Â÷WEUGVASHBKJZNC,.ASUTVDIZSBFHKJLCNK.,M ADFSUGIVZYXBZVJLNC˚.M,DVISBZJLX,÷ DIGVASHZKBJXLΩ,ÇÂ IDGVHZKBXJL˚˜Ç≤≥Â÷WEUGVASHBKJZNC,.ASUTVDIZSBFHKJLCNK.,M ADFSUGIVZYXBZVJLNC˚.M,DVISBZJLX,÷ DIGVASHZKBJXLΩ,ÇÂ IDGVHZKBXJL˚˜Ç≤≥Â÷WEUGVASHBKJZNC,.ASUTVDIZSBFHKJLCNK.,M ADFSUGIVZYXBZVJLNC˚.M,DVISBZJLX,÷ DIGVASHZKBJXLΩ,ÇÂ IDGVHZKBXJL˚˜Ç≤≥Â÷
WEUGVASHBKJZNC,.ASUTVDIZSBFHKJLCNK.,M ADFSUGIVZYXBZVJLNC˚.M,DVISBZJLX,÷ DIGVASHZKBJXLΩ,ÇÂ IDGVHZKBXJL˚˜Ç≤≥Â÷WEUGVASHBKJZNC,.ASUTVDIZSBFHKJLCNK.,M ADFSUGIVZYXBZVJLNC˚.M,DVISBZJLX,÷ DIGVASHZKBJXLΩ,ÇÂ IDGVHZKBXJL˚˜Ç≤≥Â÷WEUGVASHBKJZNC,.ASUTVDIZSBFHKJLCNK.,M ADFSUGIVZYXBZVJLNC˚.M,DVISBZJLX,÷ DIGVASHZKBJXLΩ,ÇÂ IDGVHZKBXJL˚˜Ç≤≥Â÷
WEUGVASHBKJZNC,.ASUTVDIZSBFHKJLCNK.,M ADFSUGIVZYXBZVJLNC˚.M,DVISBZJLX,÷ DIGVASHZKBJXLΩ,ÇÂ IDGVHZKBXJL˚˜Ç≤≥Â÷WEUGVASHBKJZNC,.ASUTVDIZSBFHKJLCNK.,M ADFSUGIVZYXBZVJLNC˚.M,DVISBZJLX,÷ DIGVASHZKBJXLΩ,ÇÂ IDGVHZKBXJL˚˜Ç≤≥Â÷WEUGVASHBKJZNC,.ASUTVDIZSBFHKJLCNK.,M ADFSUGIVZYXBZVJLNC˚.M,DVISBZJLX,÷ DIGVASHZKBJXLΩ,ÇÂ IDGVHZKBXJL˚˜Ç≤≥Â÷
WEUGVASHBKJZNC,.ASUTVDIZSBFHKJLCNK.,M ADFSUGIVZYXBZVJLNC˚.M,DVISBZJLX,÷ DIGVASHZKBJXLΩ,ÇÂ IDGVHZKBXJL˚˜Ç≤≥Â÷WEUGVASHBKJZNC,.ASUTVDIZSBFHKJLCNK.,M ADFSUGIVZYXBZVJLNC˚.M,DVISBZJLX,÷ DIGVASHZKBJXLΩ,ÇÂ IDGVHZKBXJL˚˜Ç≤≥Â÷WEUGVASHBKJZNC,.ASUTVDIZSBFHKJLCNK.,M ADFSUGIVZYXBZVJLNC˚.M,DVISBZJLX,÷ DIGVASHZKBJXLΩ,ÇÂ IDGVHZKBXJL˚˜Ç≤≥Â÷
WEUGVASHBKJZNC,.ASUTVDIZSBFHKJLCNK.,M ADFSUGIVZYXBZVJLNC˚.M,DVISBZJLX,÷ DIGVASHZKBJXLΩ,ÇÂ IDGVHZKBXJL˚˜Ç≤≥Â÷WEUGVASHBKJZNC,.ASUTVDIZSBFHKJLCNK.,M ADFSUGIVZYXBZVJLNC˚.M,DVISBZJLX,÷ DIGVASHZKBJXLΩ,ÇÂ IDGVHZKBXJL˚˜Ç≤≥Â÷WEUGVASHBKJZNC,.ASUTVDIZSBFHKJLCNK.,M ADFSUGIVZYXBZVJLNC˚.M,DVISBZJLX,÷ DIGVASHZKBJXLΩ,ÇÂ IDGVHZKBXJL˚˜Ç≤≥Â÷
WEUGVASHBKJZNC,.ASUTVDIZSBFHKJLCNK.,M ADFSUGIVZYXBZVJLNC˚.M,DVISBZJLX,÷ DIGVASHZKBJXLΩ,ÇÂ IDGVHZKBXJL˚˜Ç≤≥Â÷WEUGVASHBKJZNC,.ASUTVDIZSBFHKJLCNK.,M ADFSUGIVZYXBZVJLNC˚.M,DVISBZJLX,÷ DIGVASHZKBJXLΩ,ÇÂ IDGVHZKBXJL˚˜Ç≤≥Â÷
WEUGVASHBKJZNC,.ASUTVDIZSBFHKJLCNK.,M ADFSUGIVZYXBZVJLNC˚.M,DVISBZJLX,÷ DIGVASHZKBJXLΩ,ÇÂ IDGVHZKBXJL˚˜Ç≤≥Â÷WEUGVASHBKJZNC,.ASUTVDIZSBFHKJLCNK.,M ADFSUGIVZYXBZVJLNC˚.M,DVISBZJLX,÷ DIGVASHZKBJXLΩ,ÇÂ IDGVHZKBXJL˚˜Ç≤≥Â÷
WEUGVASHBKJZNC,.ASUTVDIZSBFHKJLCNK.,M ADFSUGIVZYXBZVJLNC˚.M,DVISBZJLX,÷ DIGVASHZKBJXLΩ,ÇÂ IDGVHZKBXJL˚˜Ç≤≥Â÷
WEUGVASHBKJZNC,.ASUTVDIZSBFHKJLCNK.,M ADFSUGIVZYXBZVJLNC˚.M,DVISBZJLX,÷ DIGVASHZKBJXLΩ,ÇÂ IDGVHZKBXJL˚˜Ç≤≥Â÷
WEUGVASHBKJZNC,.ASUTVDIZSBFHKJLCNK.,M ADFSUGIVZYXBZVJLNC˚.M,DVISBZJLX,÷ DIGVASHZKBJXLΩ,ÇÂ IDGVHZKBXJL˚˜Ç≤≥Â÷
WEUGVASHBKJZNC,.ASUTVDIZSBFHKJLCNK.,M ADFSUGIVZYXBZVJLNC˚.M,DVISBZJLX,÷ DIGVASHZKBJXLΩ,ÇÂ IDGVHZKBXJL˚˜Ç≤≥Â÷WEUGVASHBKJZNC,.ASUTVDIZSBFHKJLCNK.,M ADFSUGIVZYXBZVJLNC˚.M,DVISBZJLX,÷ DIGVASHZKBJXLΩ,ÇÂ IDGVHZKBXJL˚˜Ç≤≥Â÷WEUGVASHBKJZNC,.ASUTVDIZSBFHKJLCNK.,M ADFSUGIVZYXBZVJLNC˚.M,DVISBZJLX,÷ DIGVASHZKBJXLΩ,ÇÂ IDGVHZKBXJL˚˜Ç≤≥Â÷VWEUGVASHBKJZNC,.ASUTVDIZSBFHKJLCNK.,M ADFSUGIVZYXBZVJLNC˚.M,DVISBZJLX,÷ DIGVASHZKBJXLΩ,ÇÂ IDGVHZKBXJL˚˜Ç≤≥Â÷
